,height,_weight_,age_,grip_strength_,frailty
height,1.0,0.5715249798799161,-0.0325803925319988,-0.16768187528414782,0.03420438340772724
_weight_,0.5715249798799161,1.0,0.1909258830016867,0.032806754369007395,0.41723451349335317
age_,-0.0325803925319988,0.1909258830016867,1.0,0.13375644238747397,-0.10625564635333716
grip_strength_,-0.16768187528414782,0.032806754369007395,0.13375644238747397,1.0,-0.40661795859406863
frailty,0.03420438340772724,0.41723451349335317,-0.10625564635333716,-0.40661795859406863,1.0
